Nome da Empresa,Segmento da Empresa,Plataforma,URL
1Doc,A recuperar,Gupy,https://1doc.gupy.io
1Doc,A recuperar,Gupy,https://1doc.gupy.io
3M,A recuperar,Vagas.com.br,https://trabalheconosco.vagas.com.br/3m
3R Petroleum,A recuperar,Gupy,https://3rpetroleum.gupy.io
3tentos,A recuperar,Gupy,https://3tentos.gupy.io
99 (99Entrega),A recuperar,Vagas.com.br,https://trabalheconosco.vagas.com.br/9999entrega
AB InBev,A recuperar,Vagas.com.br,https://trabalheconosco.vagas.com.br/abinbev
Accenture,A recuperar,Vagas.com.br,https://trabalheconosco.vagas.com.br/accenture
Accona,A recuperar,Vagas.com.br,https://trabalheconosco.vagas.com.br/accona
Accor,A recuperar,Vagas.com.br,https://trabalheconosco.vagas.com.br/accor
Acer,A recuperar,Vagas.com.br,https://trabalheconosco.vagas.com.br/acer
Aché,A recuperar,Vagas.com.br,https://trabalheconosco.vagas.com.br/ache
Aché Laboratórios,A recuperar,Vagas.com.br,https://trabalheconosco.vagas.com.br/achelaboratorios
Activision Blizzard,A recuperar,Vagas.com.br,https://trabalheconosco.vagas.com.br/activisionblizzard
Adobe,A recuperar,Vagas.com.br,https://trabalheconosco.vagas.com.br/adobe
ADP,A recuperar,Vagas.com.br,https://trabalheconosco.vagas.com.br/adp
AES Brasil,A recuperar,Vagas.com.br,https://trabalheconosco.vagas.com.br/aesbrasil
Aevo,A recuperar,Gupy,https://aevo.gupy.io
Agibank,A recuperar,Vagas.com.br,https://trabalheconosco.vagas.com.br/agibank
Agoda,A recuperar,Vagas.com.br,https://trabalheconosco.vagas.com.br/agoda
Agrale,A recuperar,Vagas.com.br,https://trabalheconosco.vagas.com.br/agrale
AgroGalaxy,A recuperar,Gupy,https://agrogalaxy.gupy.io
Aiqfome,A recuperar,Vagas.com.br,https://trabalheconosco.vagas.com.br/aiqfome
Air France-KLM,A recuperar,Vagas.com.br,https://trabalheconosco.vagas.com.br/airfranceklm
Airbnb,A recuperar,Vagas.com.br,https://trabalheconosco.vagas.com.br/airbnb
Albert Einstein,A recuperar,Vagas.com.br,https://trabalheconosco.vagas.com.br/alberteinstein
Alelo,A recuperar,Vagas.com.br,https://trabalheconosco.vagas.com.br/alelo
Algar Telecom,A recuperar,Vagas.com.br,https://trabalheconosco.vagas.com.br/algartelecom
Alibaba,A recuperar,Vagas.com.br,https://trabalheconosco.vagas.com.br/alibaba
Alice,A recuperar,Vagas.com.br,https://trabalheconosco.vagas.com.br/alice
Alliar,A recuperar,Vagas.com.br,https://trabalheconosco.vagas.com.br/alliar
Allied,A recuperar,Vagas.com.br,https://trabalheconosco.vagas.com.br/allied
Allos,A recuperar,Vagas.com.br,https://trabalheconosco.vagas.com.br/allos
Alpargatas,A recuperar,Gupy,https://alpargatas.gupy.io
Alteryx,A recuperar,Vagas.com.br,https://trabalheconosco.vagas.com.br/alteryx
Alupar,A recuperar,Gupy,https://alupar.gupy.io
Alura,A recuperar,Vagas.com.br,https://trabalheconosco.vagas.com.br/alura
Amaggi,A recuperar,Vagas.com.br,https://trabalheconosco.vagas.com.br/amaggi
Amazon,A recuperar,Vagas.com.br,https://trabalheconosco.vagas.com.br/amazon
Ambev,A recuperar,Gupy,https://ambev.gupy.io
Ambev Tech,A recuperar,Gupy,https://ambevtech.gupy.io
Ambipar,A recuperar,Gupy,https://ambipar.gupy.io
Ame Digital,A recuperar,Vagas.com.br,https://trabalheconosco.vagas.com.br/amedigital
American Airlines,A recuperar,Vagas.com.br,https://trabalheconosco.vagas.com.br/americanairlines
American Express,A recuperar,Vagas.com.br,https://trabalheconosco.vagas.com.br/americanexpress
Americanas S.A.,A recuperar,Gupy,https://americanas.gupy.io
Amex,A recuperar,Vagas.com.br,https://trabalheconosco.vagas.com.br/amex
Amil,A recuperar,Vagas.com.br,https://trabalheconosco.vagas.com.br/amil
ANBIMA,A recuperar,Gupy,https://anbima.gupy.io
Andrade Gutierrez,A recuperar,Gupy,https://andradegutierrez.gupy.io
Ânima Educação,A recuperar,Vagas.com.br,https://trabalheconosco.vagas.com.br/animaeducacao
Anthropic,A recuperar,Vagas.com.br,https://trabalheconosco.vagas.com.br/anthropic
Apple,A recuperar,Vagas.com.br,https://trabalheconosco.vagas.com.br/apple
Apptite,A recuperar,Vagas.com.br,https://trabalheconosco.vagas.com.br/apptite
Arco Educação,A recuperar,Vagas.com.br,https://trabalheconosco.vagas.com.br/arcoeducacao
Arcos Dorados (McDonald s),A recuperar,Vagas.com.br,https://trabalheconosco.vagas.com.br/arcosdoradosmcdonalds
Arezzo&Co,A recuperar,Vagas.com.br,https://trabalheconosco.vagas.com.br/arezzoco
Armac,A recuperar,Vagas.com.br,https://trabalheconosco.vagas.com.br/armac
Arteris,A recuperar,Vagas.com.br,https://trabalheconosco.vagas.com.br/arteris
Asaas,A recuperar,Vagas.com.br,https://trabalheconosco.vagas.com.br/asaas
Assaí Atacadista,A recuperar,Vagas.com.br,https://trabalheconosco.vagas.com.br/assaiatacadista
AstraZeneca,A recuperar,Vagas.com.br,https://trabalheconosco.vagas.com.br/astrazeneca
Asus,A recuperar,Vagas.com.br,https://trabalheconosco.vagas.com.br/asus
Atlassian,A recuperar,Vagas.com.br,https://trabalheconosco.vagas.com.br/atlassian
Auren Energia,A recuperar,Vagas.com.br,https://trabalheconosco.vagas.com.br/aurenenergia
AuroraCoop (Aurora Alimentos),A recuperar,Vagas.com.br,https://trabalheconosco.vagas.com.br/auroracoopauroraalimentos
Autodesk,A recuperar,Vagas.com.br,https://trabalheconosco.vagas.com.br/autodesk
Avanade,A recuperar,Vagas.com.br,https://trabalheconosco.vagas.com.br/avanade
Azos,A recuperar,Vagas.com.br,https://trabalheconosco.vagas.com.br/azos
Aztec,A recuperar,Vagas.com.br,https://trabalheconosco.vagas.com.br/aztec
Azul,A recuperar,Vagas.com.br,https://trabalheconosco.vagas.com.br/azul
Azul Linhas Aéreas,A recuperar,Vagas.com.br,https://trabalheconosco.vagas.com.br/azullinhasaereas
B3,A recuperar,Vagas.com.br,https://trabalheconosco.vagas.com.br/b3
Bacio di Latte,A recuperar,Vagas.com.br,https://trabalheconosco.vagas.com.br/baciodilatte
Bahema Educação,A recuperar,Vagas.com.br,https://trabalheconosco.vagas.com.br/bahemaeducacao
Ball,A recuperar,Vagas.com.br,https://trabalheconosco.vagas.com.br/ball
Banco ABC,A recuperar,Vagas.com.br,https://trabalheconosco.vagas.com.br/bancoabc
Banco ABC Brasil,A recuperar,Vagas.com.br,https://trabalheconosco.vagas.com.br/bancoabcbrasil
Banco BMG,A recuperar,Vagas.com.br,https://trabalheconosco.vagas.com.br/bancobmg
Banco Bradesco,A recuperar,Vagas.com.br,https://trabalheconosco.vagas.com.br/bancobradesco
Banco BV,A recuperar,Vagas.com.br,https://trabalheconosco.vagas.com.br/bancobv
Banco da Amazônia,A recuperar,Vagas.com.br,https://trabalheconosco.vagas.com.br/bancodaamazonia
Banco Daycoval,A recuperar,Vagas.com.br,https://trabalheconosco.vagas.com.br/bancodaycoval
Banco de Brasília (BRB),A recuperar,Vagas.com.br,https://trabalheconosco.vagas.com.br/bancodebrasiliabrb
Banco Digio,A recuperar,Vagas.com.br,https://trabalheconosco.vagas.com.br/bancodigio
Banco do Brasil,A recuperar,Vagas.com.br,https://trabalheconosco.vagas.com.br/bancodobrasil
Banco do Nordeste,A recuperar,Vagas.com.br,https://trabalheconosco.vagas.com.br/bancodonordeste
Banco Fibra,A recuperar,Vagas.com.br,https://trabalheconosco.vagas.com.br/bancofibra
Banco Inbursa,A recuperar,Vagas.com.br,https://trabalheconosco.vagas.com.br/bancoinbursa
Banco Industrial do Brasil,A recuperar,Vagas.com.br,https://trabalheconosco.vagas.com.br/bancoindustrialdobrasil
Banco Inter,A recuperar,Vagas.com.br,https://trabalheconosco.vagas.com.br/bancointer
Banco Mercantil,A recuperar,Vagas.com.br,https://trabalheconosco.vagas.com.br/bancomercantil
Banco Mercantil do Brasil,A recuperar,Vagas.com.br,https://trabalheconosco.vagas.com.br/bancomercantildobrasil
Banco Ourinvest,A recuperar,Vagas.com.br,https://trabalheconosco.vagas.com.br/bancoourinvest
Banco Pan,A recuperar,Vagas.com.br,https://trabalheconosco.vagas.com.br/bancopan
Banco Paulista,A recuperar,Vagas.com.br,https://trabalheconosco.vagas.com.br/bancopaulista
Banco Pine,A recuperar,Vagas.com.br,https://trabalheconosco.vagas.com.br/bancopine
Banco Rendimento,A recuperar,Vagas.com.br,https://trabalheconosco.vagas.com.br/bancorendimento
Banco Rodobens,A recuperar,Vagas.com.br,https://trabalheconosco.vagas.com.br/bancorodobens
Banco Safra,A recuperar,Vagas.com.br,https://trabalheconosco.vagas.com.br/bancosafra
Banco Semear,A recuperar,Vagas.com.br,https://trabalheconosco.vagas.com.br/bancosemear
Banco Sofisa,A recuperar,Vagas.com.br,https://trabalheconosco.vagas.com.br/bancosofisa
Banco Topázio,A recuperar,Vagas.com.br,https://trabalheconosco.vagas.com.br/bancotopazio
Banco Votorantim (banco BV),A recuperar,Vagas.com.br,https://trabalheconosco.vagas.com.br/bancovotorantimbancobv
Band,A recuperar,Vagas.com.br,https://trabalheconosco.vagas.com.br/band
Bandai Namco,A recuperar,Vagas.com.br,https://trabalheconosco.vagas.com.br/bandainamco
Banestes,A recuperar,Vagas.com.br,https://trabalheconosco.vagas.com.br/banestes
banQi,A recuperar,Vagas.com.br,https://trabalheconosco.vagas.com.br/banqi
Banrisul,A recuperar,Vagas.com.br,https://trabalheconosco.vagas.com.br/banrisul
BASF,A recuperar,Vagas.com.br,https://trabalheconosco.vagas.com.br/basf
Bauducco,A recuperar,Vagas.com.br,https://trabalheconosco.vagas.com.br/bauducco
Bayer,A recuperar,Vagas.com.br,https://trabalheconosco.vagas.com.br/bayer
BB Seguridade,A recuperar,Vagas.com.br,https://trabalheconosco.vagas.com.br/bbseguridade
BBC,A recuperar,Vagas.com.br,https://trabalheconosco.vagas.com.br/bbc
Beep Saúde,A recuperar,Vagas.com.br,https://trabalheconosco.vagas.com.br/beepsaude
Beleaf,A recuperar,Vagas.com.br,https://trabalheconosco.vagas.com.br/beleaf
Belvo,A recuperar,Vagas.com.br,https://trabalheconosco.vagas.com.br/belvo
Bemobi,A recuperar,Vagas.com.br,https://trabalheconosco.vagas.com.br/bemobi
Beyond 101,A recuperar,Vagas.com.br,https://trabalheconosco.vagas.com.br/beyond101
BHS,A recuperar,Vagas.com.br,https://trabalheconosco.vagas.com.br/bhs
Biolab,A recuperar,Vagas.com.br,https://trabalheconosco.vagas.com.br/biolab
Bitso,A recuperar,Vagas.com.br,https://trabalheconosco.vagas.com.br/bitso
BizCapital,A recuperar,Vagas.com.br,https://trabalheconosco.vagas.com.br/bizcapital
Blackberry,A recuperar,Vagas.com.br,https://trabalheconosco.vagas.com.br/blackberry
Blau Farmacêutica,A recuperar,Vagas.com.br,https://trabalheconosco.vagas.com.br/blaufarmaceutica
Blip,A recuperar,Vagas.com.br,https://trabalheconosco.vagas.com.br/blip
Blizzard,A recuperar,Vagas.com.br,https://trabalheconosco.vagas.com.br/blizzard
BMG,A recuperar,Vagas.com.br,https://trabalheconosco.vagas.com.br/bmg
BMW Group Brasil,A recuperar,Vagas.com.br,https://trabalheconosco.vagas.com.br/bmwgroupbrasil
BNY Mellon,A recuperar,Vagas.com.br,https://trabalheconosco.vagas.com.br/bnymellon
Bold Snacks,A recuperar,Vagas.com.br,https://trabalheconosco.vagas.com.br/boldsnacks
BoldMetrics,A recuperar,Vagas.com.br,https://trabalheconosco.vagas.com.br/boldmetrics
Bom pra Crédito,A recuperar,Vagas.com.br,https://trabalheconosco.vagas.com.br/bompracredito
Booking,A recuperar,Vagas.com.br,https://trabalheconosco.vagas.com.br/booking
Booking.com,A recuperar,Vagas.com.br,https://trabalheconosco.vagas.com.br/bookingcom
Bosch Group,A recuperar,Vagas.com.br,https://trabalheconosco.vagas.com.br/boschgroup
Boulder Colorado,A recuperar,Vagas.com.br,https://trabalheconosco.vagas.com.br/bouldercolorado
Box Delivery,A recuperar,Vagas.com.br,https://trabalheconosco.vagas.com.br/boxdelivery
Bradesco,A recuperar,Vagas.com.br,https://trabalheconosco.vagas.com.br/bradesco
BRF,A recuperar,Vagas.com.br,https://trabalheconosco.vagas.com.br/brf
Capgemini,A recuperar,Vagas.com.br,https://trabalheconosco.vagas.com.br/capgemini
